{"version":1,"index":0,"parentId":"5A0810A7-4C37-4E0F-9AB4-75DEB3E21CEF","color":{"r":0.96078431372549022,"b":0.96078431372549022,"g":0.96078431372549022,"a":1}}