{"version":1,"index":1,"parentId":"5A0810A7-4C37-4E0F-9AB4-75DEB3E21CEF","color":{"r":0.16470588235294117,"b":0.24313725490196078,"g":0.21568627450980393,"a":1}}