{"version":1,"index":4,"parentId":"5A0810A7-4C37-4E0F-9AB4-75DEB3E21CEF","color":{"r":0.28235294117647058,"b":0.28235294117647058,"g":0.28235294117647058,"a":1}}